Query,Source
"Are there any specific communications about managing relations with Saudi Arabia, particularly in relation to human rights?",discovery_emails
Briefly summarize all direct correspondence from Huma Abedin to Secretary Clinton.,discovery_emails
Describe all discussions regarding the state funeral of former Philippines President Aquino.,discovery_emails
"Describe e-mails that mention the ""Middle East"".",discovery_emails
Describe Holbrooke's work in Afghanistan/Pakistan.,discovery_emails
What was the outcome of the investigations into the alleged misconduct by AGNA?,discovery_emails
What is the process for identifying a slot in S/WCI at the U.S. Department of State?,discovery_emails
Who are Holbrooke and Eikenberry in the context of the U.S. Department of State?,discovery_emails
How does the U.S. Department of State interact with international players in situations of political instability?,discovery_emails
"What are the implications of suspending non-emergency, non-immigrant visa services in a foreign country?",discovery_emails
"What are the conditions to HealthEquity, Inc.'s obligations to close?",spa
What are the capitalization representations made in the AT&T Inc. agreement?,spa
"What is the governing law specified in the agreement for CEI Holding, LLC?",spa
"What are the indemnification provisions in favor of BurgerFi International, Inc.?",spa
What are the post-closing covenants imposed on Fresh Express Acquisitions LLC?,spa
"In the Logistics Management, Inc. agreement, how are potential discrepancies between the closing balance sheet and the purchase price allocation addressed, and what is the timeline for dispute resolution over such discrepancies?",spa
"What specific regulatory conditions are addressed in the Staffing 360 Solutions, Inc. acknowledge in the Stock Purchase Agreement, and how are these accounted for in the representations and warranties?",spa
How does the Risk Managemetn Incorporated agreement allocate responsibility for latent liabilities associated with past claims that may arise post-closing?,spa
"In the BurgerFi Stock Purchase Agreement, are any mechanisms in place to ensure post-closing operational integration?",spa
Are there any obligations on either party in the Curo Stock Purchase Agreement with respect to securing transition services?,spa
"Find Merger Agreements with separate definitions of ""Material Adverse Event"" or ""Material Adverse Change"" for the Parent and Company or Parent and Sub, and explain the differences between definitions within each agreement.",merger_agreements
"Describe any severance payments or agreements set forth in the Merger Agreements, including party responsible for payment and party entitled to severance.",merger_agreements
"Describe any Merger Agreements that include securitizations, and list material terms and names of special purpose entities or vehicles.",merger_agreements
Which merger agreements provide for a company termination fee under $200 million?,merger_agreements
Do any of the merger agreements provide for a survival of the indemnity provisions for over three years beyond the closing date?,merger_agreements
What is the process for a claimant to bring a suit against the Corporation if a claim is not paid in full under the certificate of incorporation of the surviving corporation in the Aerojet Rocktdyne merger agreement?,merger_agreements
"What are the dividend rights of the holders of the 5.20% Cumulative Preferred Stock, Series Y under the PS Business Parks, Inc. merger agreement?",merger_agreements
"What information is required to be shared between SPX Flow, Inc. and LSF11 Redwood Acquisitions, LLC?",merger_agreements
"What are the conditions for the termination of the Credit Agreement under the Sanderson Farms, Inc. merger agreement?",merger_agreements
What are the obligations of Babylon Holdings Limited and Alkuri Global Acquisition Corp. in case of a merger or consolidation?,merger_agreements